--
-- PostgreSQL database dump
--

-- Dumped from database version 16.8 (Ubuntu 16.8-0ubuntu0.24.04.1)
-- Dumped by pg_dump version 16.8 (Ubuntu 16.8-0ubuntu0.24.04.1)

SET statement_timeout = 0;
SET lock_timeout = 0;
SET idle_in_transaction_session_timeout = 0;
SET client_encoding = 'UTF8';
SET standard_conforming_strings = on;
SELECT pg_catalog.set_config('search_path', '', false);
SET check_function_bodies = false;
SET xmloption = content;
SET client_min_messages = warning;
SET row_security = off;

--
-- Name: public; Type: SCHEMA; Schema: -; Owner: sanju
--

-- *not* creating schema, since initdb creates it


ALTER SCHEMA public OWNER TO sanju;

SET default_tablespace = '';

SET default_table_access_method = heap;

--
-- Name: account_emailaddress; Type: TABLE; Schema: public; Owner: sanju
--

CREATE TABLE public.account_emailaddress (
    id integer NOT NULL,
    email character varying(254) NOT NULL,
    verified boolean NOT NULL,
    "primary" boolean NOT NULL,
    user_id integer NOT NULL
);


ALTER TABLE public.account_emailaddress OWNER TO sanju;

--
-- Name: account_emailaddress_id_seq; Type: SEQUENCE; Schema: public; Owner: sanju
--

ALTER TABLE public.account_emailaddress ALTER COLUMN id ADD GENERATED BY DEFAULT AS IDENTITY (
    SEQUENCE NAME public.account_emailaddress_id_seq
    START WITH 1
    INCREMENT BY 1
    NO MINVALUE
    NO MAXVALUE
    CACHE 1
);


--
-- Name: account_emailconfirmation; Type: TABLE; Schema: public; Owner: sanju
--

CREATE TABLE public.account_emailconfirmation (
    id integer NOT NULL,
    created timestamp with time zone NOT NULL,
    sent timestamp with time zone,
    key character varying(64) NOT NULL,
    email_address_id integer NOT NULL
);


ALTER TABLE public.account_emailconfirmation OWNER TO sanju;

--
-- Name: account_emailconfirmation_id_seq; Type: SEQUENCE; Schema: public; Owner: sanju
--

ALTER TABLE public.account_emailconfirmation ALTER COLUMN id ADD GENERATED BY DEFAULT AS IDENTITY (
    SEQUENCE NAME public.account_emailconfirmation_id_seq
    START WITH 1
    INCREMENT BY 1
    NO MINVALUE
    NO MAXVALUE
    CACHE 1
);


--
-- Name: auth_group; Type: TABLE; Schema: public; Owner: sanju
--

CREATE TABLE public.auth_group (
    id integer NOT NULL,
    name character varying(150) NOT NULL
);


ALTER TABLE public.auth_group OWNER TO sanju;

--
-- Name: auth_group_id_seq; Type: SEQUENCE; Schema: public; Owner: sanju
--

ALTER TABLE public.auth_group ALTER COLUMN id ADD GENERATED BY DEFAULT AS IDENTITY (
    SEQUENCE NAME public.auth_group_id_seq
    START WITH 1
    INCREMENT BY 1
    NO MINVALUE
    NO MAXVALUE
    CACHE 1
);


--
-- Name: auth_group_permissions; Type: TABLE; Schema: public; Owner: sanju
--

CREATE TABLE public.auth_group_permissions (
    id bigint NOT NULL,
    group_id integer NOT NULL,
    permission_id integer NOT NULL
);


ALTER TABLE public.auth_group_permissions OWNER TO sanju;

--
-- Name: auth_group_permissions_id_seq; Type: SEQUENCE; Schema: public; Owner: sanju
--

ALTER TABLE public.auth_group_permissions ALTER COLUMN id ADD GENERATED BY DEFAULT AS IDENTITY (
    SEQUENCE NAME public.auth_group_permissions_id_seq
    START WITH 1
    INCREMENT BY 1
    NO MINVALUE
    NO MAXVALUE
    CACHE 1
);


--
-- Name: auth_permission; Type: TABLE; Schema: public; Owner: sanju
--

CREATE TABLE public.auth_permission (
    id integer NOT NULL,
    name character varying(255) NOT NULL,
    content_type_id integer NOT NULL,
    codename character varying(100) NOT NULL
);


ALTER TABLE public.auth_permission OWNER TO sanju;

--
-- Name: auth_permission_id_seq; Type: SEQUENCE; Schema: public; Owner: sanju
--

ALTER TABLE public.auth_permission ALTER COLUMN id ADD GENERATED BY DEFAULT AS IDENTITY (
    SEQUENCE NAME public.auth_permission_id_seq
    START WITH 1
    INCREMENT BY 1
    NO MINVALUE
    NO MAXVALUE
    CACHE 1
);


--
-- Name: auth_user; Type: TABLE; Schema: public; Owner: sanju
--

CREATE TABLE public.auth_user (
    id integer NOT NULL,
    password character varying(128) NOT NULL,
    last_login timestamp with time zone,
    is_superuser boolean NOT NULL,
    username character varying(150) NOT NULL,
    first_name character varying(150) NOT NULL,
    last_name character varying(150) NOT NULL,
    email character varying(254) NOT NULL,
    is_staff boolean NOT NULL,
    is_active boolean NOT NULL,
    date_joined timestamp with time zone NOT NULL
);


ALTER TABLE public.auth_user OWNER TO sanju;

--
-- Name: auth_user_groups; Type: TABLE; Schema: public; Owner: sanju
--

CREATE TABLE public.auth_user_groups (
    id bigint NOT NULL,
    user_id integer NOT NULL,
    group_id integer NOT NULL
);


ALTER TABLE public.auth_user_groups OWNER TO sanju;

--
-- Name: auth_user_groups_id_seq; Type: SEQUENCE; Schema: public; Owner: sanju
--

ALTER TABLE public.auth_user_groups ALTER COLUMN id ADD GENERATED BY DEFAULT AS IDENTITY (
    SEQUENCE NAME public.auth_user_groups_id_seq
    START WITH 1
    INCREMENT BY 1
    NO MINVALUE
    NO MAXVALUE
    CACHE 1
);


--
-- Name: auth_user_id_seq; Type: SEQUENCE; Schema: public; Owner: sanju
--

ALTER TABLE public.auth_user ALTER COLUMN id ADD GENERATED BY DEFAULT AS IDENTITY (
    SEQUENCE NAME public.auth_user_id_seq
    START WITH 1
    INCREMENT BY 1
    NO MINVALUE
    NO MAXVALUE
    CACHE 1
);


--
-- Name: auth_user_user_permissions; Type: TABLE; Schema: public; Owner: sanju
--

CREATE TABLE public.auth_user_user_permissions (
    id bigint NOT NULL,
    user_id integer NOT NULL,
    permission_id integer NOT NULL
);


ALTER TABLE public.auth_user_user_permissions OWNER TO sanju;

--
-- Name: auth_user_user_permissions_id_seq; Type: SEQUENCE; Schema: public; Owner: sanju
--

ALTER TABLE public.auth_user_user_permissions ALTER COLUMN id ADD GENERATED BY DEFAULT AS IDENTITY (
    SEQUENCE NAME public.auth_user_user_permissions_id_seq
    START WITH 1
    INCREMENT BY 1
    NO MINVALUE
    NO MAXVALUE
    CACHE 1
);


--
-- Name: authtoken_token; Type: TABLE; Schema: public; Owner: sanju
--

CREATE TABLE public.authtoken_token (
    key character varying(40) NOT NULL,
    created timestamp with time zone NOT NULL,
    user_id integer NOT NULL
);


ALTER TABLE public.authtoken_token OWNER TO sanju;

--
-- Name: django_admin_log; Type: TABLE; Schema: public; Owner: sanju
--

CREATE TABLE public.django_admin_log (
    id integer NOT NULL,
    action_time timestamp with time zone NOT NULL,
    object_id text,
    object_repr character varying(200) NOT NULL,
    action_flag smallint NOT NULL,
    change_message text NOT NULL,
    content_type_id integer,
    user_id integer NOT NULL,
    CONSTRAINT django_admin_log_action_flag_check CHECK ((action_flag >= 0))
);


ALTER TABLE public.django_admin_log OWNER TO sanju;

--
-- Name: django_admin_log_id_seq; Type: SEQUENCE; Schema: public; Owner: sanju
--

ALTER TABLE public.django_admin_log ALTER COLUMN id ADD GENERATED BY DEFAULT AS IDENTITY (
    SEQUENCE NAME public.django_admin_log_id_seq
    START WITH 1
    INCREMENT BY 1
    NO MINVALUE
    NO MAXVALUE
    CACHE 1
);


--
-- Name: django_content_type; Type: TABLE; Schema: public; Owner: sanju
--

CREATE TABLE public.django_content_type (
    id integer NOT NULL,
    app_label character varying(100) NOT NULL,
    model character varying(100) NOT NULL
);


ALTER TABLE public.django_content_type OWNER TO sanju;

--
-- Name: django_content_type_id_seq; Type: SEQUENCE; Schema: public; Owner: sanju
--

ALTER TABLE public.django_content_type ALTER COLUMN id ADD GENERATED BY DEFAULT AS IDENTITY (
    SEQUENCE NAME public.django_content_type_id_seq
    START WITH 1
    INCREMENT BY 1
    NO MINVALUE
    NO MAXVALUE
    CACHE 1
);


--
-- Name: django_migrations; Type: TABLE; Schema: public; Owner: sanju
--

CREATE TABLE public.django_migrations (
    id bigint NOT NULL,
    app character varying(255) NOT NULL,
    name character varying(255) NOT NULL,
    applied timestamp with time zone NOT NULL
);


ALTER TABLE public.django_migrations OWNER TO sanju;

--
-- Name: django_migrations_id_seq; Type: SEQUENCE; Schema: public; Owner: sanju
--

ALTER TABLE public.django_migrations ALTER COLUMN id ADD GENERATED BY DEFAULT AS IDENTITY (
    SEQUENCE NAME public.django_migrations_id_seq
    START WITH 1
    INCREMENT BY 1
    NO MINVALUE
    NO MAXVALUE
    CACHE 1
);


--
-- Name: django_session; Type: TABLE; Schema: public; Owner: sanju
--

CREATE TABLE public.django_session (
    session_key character varying(40) NOT NULL,
    session_data text NOT NULL,
    expire_date timestamp with time zone NOT NULL
);


ALTER TABLE public.django_session OWNER TO sanju;

--
-- Name: dues_due; Type: TABLE; Schema: public; Owner: sanju
--

CREATE TABLE public.dues_due (
    id bigint NOT NULL,
    title character varying(255) NOT NULL,
    due_date date NOT NULL,
    amount double precision NOT NULL,
    to_whom character varying(255) NOT NULL,
    recurring character varying(50) NOT NULL,
    created_at timestamp with time zone NOT NULL,
    user_id integer NOT NULL,
    next_reminder_date date
);


ALTER TABLE public.dues_due OWNER TO sanju;

--
-- Name: dues_due_id_seq; Type: SEQUENCE; Schema: public; Owner: sanju
--

ALTER TABLE public.dues_due ALTER COLUMN id ADD GENERATED BY DEFAULT AS IDENTITY (
    SEQUENCE NAME public.dues_due_id_seq
    START WITH 1
    INCREMENT BY 1
    NO MINVALUE
    NO MAXVALUE
    CACHE 1
);


--
-- Name: expensesplit_group; Type: TABLE; Schema: public; Owner: sanju
--

CREATE TABLE public.expensesplit_group (
    id bigint NOT NULL,
    name character varying(255) NOT NULL,
    completed boolean NOT NULL
);


ALTER TABLE public.expensesplit_group OWNER TO sanju;

--
-- Name: expensesplit_group_id_seq; Type: SEQUENCE; Schema: public; Owner: sanju
--

ALTER TABLE public.expensesplit_group ALTER COLUMN id ADD GENERATED BY DEFAULT AS IDENTITY (
    SEQUENCE NAME public.expensesplit_group_id_seq
    START WITH 1
    INCREMENT BY 1
    NO MINVALUE
    NO MAXVALUE
    CACHE 1
);


--
-- Name: expensesplit_group_members; Type: TABLE; Schema: public; Owner: sanju
--

CREATE TABLE public.expensesplit_group_members (
    id bigint NOT NULL,
    group_id bigint NOT NULL,
    user_id integer NOT NULL
);


ALTER TABLE public.expensesplit_group_members OWNER TO sanju;

--
-- Name: expensesplit_group_members_id_seq; Type: SEQUENCE; Schema: public; Owner: sanju
--

ALTER TABLE public.expensesplit_group_members ALTER COLUMN id ADD GENERATED BY DEFAULT AS IDENTITY (
    SEQUENCE NAME public.expensesplit_group_members_id_seq
    START WITH 1
    INCREMENT BY 1
    NO MINVALUE
    NO MAXVALUE
    CACHE 1
);


--
-- Name: expensesplit_transaction; Type: TABLE; Schema: public; Owner: sanju
--

CREATE TABLE public.expensesplit_transaction (
    id bigint NOT NULL,
    amount numeric(10,2) NOT NULL,
    created_at timestamp with time zone NOT NULL,
    group_id bigint NOT NULL,
    payer_id integer NOT NULL
);


ALTER TABLE public.expensesplit_transaction OWNER TO sanju;

--
-- Name: expensesplit_transaction_id_seq; Type: SEQUENCE; Schema: public; Owner: sanju
--

ALTER TABLE public.expensesplit_transaction ALTER COLUMN id ADD GENERATED BY DEFAULT AS IDENTITY (
    SEQUENCE NAME public.expensesplit_transaction_id_seq
    START WITH 1
    INCREMENT BY 1
    NO MINVALUE
    NO MAXVALUE
    CACHE 1
);


--
-- Name: expensesplit_transaction_participants; Type: TABLE; Schema: public; Owner: sanju
--

CREATE TABLE public.expensesplit_transaction_participants (
    id bigint NOT NULL,
    transaction_id bigint NOT NULL,
    user_id integer NOT NULL
);


ALTER TABLE public.expensesplit_transaction_participants OWNER TO sanju;

--
-- Name: expensesplit_transaction_participants_id_seq; Type: SEQUENCE; Schema: public; Owner: sanju
--

ALTER TABLE public.expensesplit_transaction_participants ALTER COLUMN id ADD GENERATED BY DEFAULT AS IDENTITY (
    SEQUENCE NAME public.expensesplit_transaction_participants_id_seq
    START WITH 1
    INCREMENT BY 1
    NO MINVALUE
    NO MAXVALUE
    CACHE 1
);


--
-- Name: goals_goal; Type: TABLE; Schema: public; Owner: sanju
--

CREATE TABLE public.goals_goal (
    id bigint NOT NULL,
    title character varying(255) NOT NULL,
    current_amount double precision NOT NULL,
    target_amount double precision NOT NULL,
    target_date date NOT NULL,
    completed boolean NOT NULL,
    created_at timestamp with time zone NOT NULL,
    user_id integer NOT NULL
);


ALTER TABLE public.goals_goal OWNER TO sanju;

--
-- Name: goals_goal_id_seq; Type: SEQUENCE; Schema: public; Owner: sanju
--

ALTER TABLE public.goals_goal ALTER COLUMN id ADD GENERATED BY DEFAULT AS IDENTITY (
    SEQUENCE NAME public.goals_goal_id_seq
    START WITH 1
    INCREMENT BY 1
    NO MINVALUE
    NO MAXVALUE
    CACHE 1
);


--
-- Name: loans_loan; Type: TABLE; Schema: public; Owner: sanju
--

CREATE TABLE public.loans_loan (
    id bigint NOT NULL,
    name character varying(255) NOT NULL,
    interest_rate double precision NOT NULL,
    max_loan_amount numeric(10,2) NOT NULL,
    min_credit_score integer NOT NULL,
    tenure integer NOT NULL,
    description text NOT NULL,
    category character varying(50) NOT NULL
);


ALTER TABLE public.loans_loan OWNER TO sanju;

--
-- Name: loans_loan_id_seq; Type: SEQUENCE; Schema: public; Owner: sanju
--

ALTER TABLE public.loans_loan ALTER COLUMN id ADD GENERATED BY DEFAULT AS IDENTITY (
    SEQUENCE NAME public.loans_loan_id_seq
    START WITH 1
    INCREMENT BY 1
    NO MINVALUE
    NO MAXVALUE
    CACHE 1
);


--
-- Name: loans_loanapplication; Type: TABLE; Schema: public; Owner: sanju
--

CREATE TABLE public.loans_loanapplication (
    id bigint NOT NULL,
    amount numeric(10,2) NOT NULL,
    status character varying(50) NOT NULL,
    applied_at timestamp with time zone NOT NULL,
    loan_id bigint NOT NULL,
    user_id integer NOT NULL
);


ALTER TABLE public.loans_loanapplication OWNER TO sanju;

--
-- Name: loans_loanapplication_id_seq; Type: SEQUENCE; Schema: public; Owner: sanju
--

ALTER TABLE public.loans_loanapplication ALTER COLUMN id ADD GENERATED BY DEFAULT AS IDENTITY (
    SEQUENCE NAME public.loans_loanapplication_id_seq
    START WITH 1
    INCREMENT BY 1
    NO MINVALUE
    NO MAXVALUE
    CACHE 1
);


--
-- Name: socialaccount_socialaccount; Type: TABLE; Schema: public; Owner: sanju
--

CREATE TABLE public.socialaccount_socialaccount (
    id integer NOT NULL,
    provider character varying(200) NOT NULL,
    uid character varying(191) NOT NULL,
    last_login timestamp with time zone NOT NULL,
    date_joined timestamp with time zone NOT NULL,
    extra_data jsonb NOT NULL,
    user_id integer NOT NULL
);


ALTER TABLE public.socialaccount_socialaccount OWNER TO sanju;

--
-- Name: socialaccount_socialaccount_id_seq; Type: SEQUENCE; Schema: public; Owner: sanju
--

ALTER TABLE public.socialaccount_socialaccount ALTER COLUMN id ADD GENERATED BY DEFAULT AS IDENTITY (
    SEQUENCE NAME public.socialaccount_socialaccount_id_seq
    START WITH 1
    INCREMENT BY 1
    NO MINVALUE
    NO MAXVALUE
    CACHE 1
);


--
-- Name: socialaccount_socialapp; Type: TABLE; Schema: public; Owner: sanju
--

CREATE TABLE public.socialaccount_socialapp (
    id integer NOT NULL,
    provider character varying(30) NOT NULL,
    name character varying(40) NOT NULL,
    client_id character varying(191) NOT NULL,
    secret character varying(191) NOT NULL,
    key character varying(191) NOT NULL,
    provider_id character varying(200) NOT NULL,
    settings jsonb NOT NULL
);


ALTER TABLE public.socialaccount_socialapp OWNER TO sanju;

--
-- Name: socialaccount_socialapp_id_seq; Type: SEQUENCE; Schema: public; Owner: sanju
--

ALTER TABLE public.socialaccount_socialapp ALTER COLUMN id ADD GENERATED BY DEFAULT AS IDENTITY (
    SEQUENCE NAME public.socialaccount_socialapp_id_seq
    START WITH 1
    INCREMENT BY 1
    NO MINVALUE
    NO MAXVALUE
    CACHE 1
);


--
-- Name: socialaccount_socialtoken; Type: TABLE; Schema: public; Owner: sanju
--

CREATE TABLE public.socialaccount_socialtoken (
    id integer NOT NULL,
    token text NOT NULL,
    token_secret text NOT NULL,
    expires_at timestamp with time zone,
    account_id integer NOT NULL,
    app_id integer
);


ALTER TABLE public.socialaccount_socialtoken OWNER TO sanju;

--
-- Name: socialaccount_socialtoken_id_seq; Type: SEQUENCE; Schema: public; Owner: sanju
--

ALTER TABLE public.socialaccount_socialtoken ALTER COLUMN id ADD GENERATED BY DEFAULT AS IDENTITY (
    SEQUENCE NAME public.socialaccount_socialtoken_id_seq
    START WITH 1
    INCREMENT BY 1
    NO MINVALUE
    NO MAXVALUE
    CACHE 1
);


--
-- Name: transactions_transaction; Type: TABLE; Schema: public; Owner: sanju
--

CREATE TABLE public.transactions_transaction (
    id bigint NOT NULL,
    type character varying(10) NOT NULL,
    amount numeric(10,2) NOT NULL,
    category character varying(100) NOT NULL,
    description text,
    date date NOT NULL,
    currency character varying(10) NOT NULL,
    user_id integer NOT NULL
);


ALTER TABLE public.transactions_transaction OWNER TO sanju;

--
-- Name: transactions_transaction_id_seq; Type: SEQUENCE; Schema: public; Owner: sanju
--

ALTER TABLE public.transactions_transaction ALTER COLUMN id ADD GENERATED BY DEFAULT AS IDENTITY (
    SEQUENCE NAME public.transactions_transaction_id_seq
    START WITH 1
    INCREMENT BY 1
    NO MINVALUE
    NO MAXVALUE
    CACHE 1
);


--
-- Data for Name: account_emailaddress; Type: TABLE DATA; Schema: public; Owner: sanju
--

COPY public.account_emailaddress (id, email, verified, "primary", user_id) FROM stdin;
\.


--
-- Data for Name: account_emailconfirmation; Type: TABLE DATA; Schema: public; Owner: sanju
--

COPY public.account_emailconfirmation (id, created, sent, key, email_address_id) FROM stdin;
\.


--
-- Data for Name: auth_group; Type: TABLE DATA; Schema: public; Owner: sanju
--

COPY public.auth_group (id, name) FROM stdin;
\.


--
-- Data for Name: auth_group_permissions; Type: TABLE DATA; Schema: public; Owner: sanju
--

COPY public.auth_group_permissions (id, group_id, permission_id) FROM stdin;
\.


--
-- Data for Name: auth_permission; Type: TABLE DATA; Schema: public; Owner: sanju
--

COPY public.auth_permission (id, name, content_type_id, codename) FROM stdin;
1	Can add log entry	1	add_logentry
2	Can change log entry	1	change_logentry
3	Can delete log entry	1	delete_logentry
4	Can view log entry	1	view_logentry
5	Can add permission	2	add_permission
6	Can change permission	2	change_permission
7	Can delete permission	2	delete_permission
8	Can view permission	2	view_permission
9	Can add group	3	add_group
10	Can change group	3	change_group
11	Can delete group	3	delete_group
12	Can view group	3	view_group
13	Can add user	4	add_user
14	Can change user	4	change_user
15	Can delete user	4	delete_user
16	Can view user	4	view_user
17	Can add content type	5	add_contenttype
18	Can change content type	5	change_contenttype
19	Can delete content type	5	delete_contenttype
20	Can view content type	5	view_contenttype
21	Can add session	6	add_session
22	Can change session	6	change_session
23	Can delete session	6	delete_session
24	Can view session	6	view_session
25	Can add Token	7	add_token
26	Can change Token	7	change_token
27	Can delete Token	7	delete_token
28	Can view Token	7	view_token
29	Can add Token	8	add_tokenproxy
30	Can change Token	8	change_tokenproxy
31	Can delete Token	8	delete_tokenproxy
32	Can view Token	8	view_tokenproxy
33	Can add transaction	9	add_transaction
34	Can change transaction	9	change_transaction
35	Can delete transaction	9	delete_transaction
36	Can view transaction	9	view_transaction
37	Can add goal	10	add_goal
38	Can change goal	10	change_goal
39	Can delete goal	10	delete_goal
40	Can view goal	10	view_goal
41	Can add group	11	add_group
42	Can change group	11	change_group
43	Can delete group	11	delete_group
44	Can view group	11	view_group
45	Can add transaction	12	add_transaction
46	Can change transaction	12	change_transaction
47	Can delete transaction	12	delete_transaction
48	Can view transaction	12	view_transaction
49	Can add due	13	add_due
50	Can change due	13	change_due
51	Can delete due	13	delete_due
52	Can view due	13	view_due
53	Can add loan	14	add_loan
54	Can change loan	14	change_loan
55	Can delete loan	14	delete_loan
56	Can view loan	14	view_loan
57	Can add loan application	15	add_loanapplication
58	Can change loan application	15	change_loanapplication
59	Can delete loan application	15	delete_loanapplication
60	Can view loan application	15	view_loanapplication
61	Can add email address	16	add_emailaddress
62	Can change email address	16	change_emailaddress
63	Can delete email address	16	delete_emailaddress
64	Can view email address	16	view_emailaddress
65	Can add email confirmation	17	add_emailconfirmation
66	Can change email confirmation	17	change_emailconfirmation
67	Can delete email confirmation	17	delete_emailconfirmation
68	Can view email confirmation	17	view_emailconfirmation
69	Can add social account	18	add_socialaccount
70	Can change social account	18	change_socialaccount
71	Can delete social account	18	delete_socialaccount
72	Can view social account	18	view_socialaccount
73	Can add social application	19	add_socialapp
74	Can change social application	19	change_socialapp
75	Can delete social application	19	delete_socialapp
76	Can view social application	19	view_socialapp
77	Can add social application token	20	add_socialtoken
78	Can change social application token	20	change_socialtoken
79	Can delete social application token	20	delete_socialtoken
80	Can view social application token	20	view_socialtoken
\.


--
-- Data for Name: auth_user; Type: TABLE DATA; Schema: public; Owner: sanju
--

COPY public.auth_user (id, password, last_login, is_superuser, username, first_name, last_name, email, is_staff, is_active, date_joined) FROM stdin;
1	pbkdf2_sha256$870000$nHpDWy9lIIeCXsYbqD04tV$euXYTKtaYBaJxPDhbWwOHLbqodaa90jUh5niav4qBOs=	2025-03-05 11:57:12.101412+00	t	sanju			sanjuraj57421@gmail.com	t	t	2025-03-05 11:12:14.172681+00
2	pbkdf2_sha256$870000$jXVwj2n9dnpvN28uVU39n5$yxQ1JK0tonexrsyfnisSqe/euK1JlhIbtmuU338W5/8=	\N	f	krish			krish@gmail.com	f	t	2025-03-05 15:22:57.686759+00
\.


--
-- Data for Name: auth_user_groups; Type: TABLE DATA; Schema: public; Owner: sanju
--

COPY public.auth_user_groups (id, user_id, group_id) FROM stdin;
\.


--
-- Data for Name: auth_user_user_permissions; Type: TABLE DATA; Schema: public; Owner: sanju
--

COPY public.auth_user_user_permissions (id, user_id, permission_id) FROM stdin;
\.


--
-- Data for Name: authtoken_token; Type: TABLE DATA; Schema: public; Owner: sanju
--

COPY public.authtoken_token (key, created, user_id) FROM stdin;
\.


--
-- Data for Name: django_admin_log; Type: TABLE DATA; Schema: public; Owner: sanju
--

COPY public.django_admin_log (id, action_time, object_id, object_repr, action_flag, change_message, content_type_id, user_id) FROM stdin;
\.


--
-- Data for Name: django_content_type; Type: TABLE DATA; Schema: public; Owner: sanju
--

COPY public.django_content_type (id, app_label, model) FROM stdin;
1	admin	logentry
2	auth	permission
3	auth	group
4	auth	user
5	contenttypes	contenttype
6	sessions	session
7	authtoken	token
8	authtoken	tokenproxy
9	transactions	transaction
10	goals	goal
11	expensesplit	group
12	expensesplit	transaction
13	dues	due
14	loans	loan
15	loans	loanapplication
16	account	emailaddress
17	account	emailconfirmation
18	socialaccount	socialaccount
19	socialaccount	socialapp
20	socialaccount	socialtoken
\.


--
-- Data for Name: django_migrations; Type: TABLE DATA; Schema: public; Owner: sanju
--

COPY public.django_migrations (id, app, name, applied) FROM stdin;
1	contenttypes	0001_initial	2025-03-05 10:33:42.720694+00
2	auth	0001_initial	2025-03-05 10:33:42.830471+00
3	account	0001_initial	2025-03-05 10:33:42.88368+00
4	account	0002_email_max_length	2025-03-05 10:33:42.901572+00
5	account	0003_alter_emailaddress_create_unique_verified_email	2025-03-05 10:33:42.927062+00
6	account	0004_alter_emailaddress_drop_unique_email	2025-03-05 10:33:42.941297+00
7	account	0005_emailaddress_idx_upper_email	2025-03-05 10:33:42.951085+00
8	account	0006_emailaddress_lower	2025-03-05 10:33:42.96033+00
9	account	0007_emailaddress_idx_email	2025-03-05 10:33:42.979896+00
10	account	0008_emailaddress_unique_primary_email_fixup	2025-03-05 10:33:42.987554+00
11	account	0009_emailaddress_unique_primary_email	2025-03-05 10:33:42.998619+00
12	admin	0001_initial	2025-03-05 10:33:43.022566+00
13	admin	0002_logentry_remove_auto_add	2025-03-05 10:33:43.02815+00
14	admin	0003_logentry_add_action_flag_choices	2025-03-05 10:33:43.03528+00
15	contenttypes	0002_remove_content_type_name	2025-03-05 10:33:43.048653+00
16	auth	0002_alter_permission_name_max_length	2025-03-05 10:33:43.057503+00
17	auth	0003_alter_user_email_max_length	2025-03-05 10:33:43.06432+00
18	auth	0004_alter_user_username_opts	2025-03-05 10:33:43.073533+00
19	auth	0005_alter_user_last_login_null	2025-03-05 10:33:43.08035+00
20	auth	0006_require_contenttypes_0002	2025-03-05 10:33:43.082535+00
21	auth	0007_alter_validators_add_error_messages	2025-03-05 10:33:43.089458+00
22	auth	0008_alter_user_username_max_length	2025-03-05 10:33:43.101136+00
23	auth	0009_alter_user_last_name_max_length	2025-03-05 10:33:43.111555+00
24	auth	0010_alter_group_name_max_length	2025-03-05 10:33:43.118754+00
25	auth	0011_update_proxy_permissions	2025-03-05 10:33:43.12969+00
26	auth	0012_alter_user_first_name_max_length	2025-03-05 10:33:43.13658+00
27	authtoken	0001_initial	2025-03-05 10:33:43.157692+00
28	authtoken	0002_auto_20160226_1747	2025-03-05 10:33:43.180544+00
29	authtoken	0003_tokenproxy	2025-03-05 10:33:43.182855+00
30	authtoken	0004_alter_tokenproxy_options	2025-03-05 10:33:43.188756+00
31	dues	0001_initial	2025-03-05 10:33:43.213619+00
32	dues	0002_due_next_reminder_date	2025-03-05 10:33:43.221441+00
33	expensesplit	0001_initial	2025-03-05 10:33:43.294763+00
34	expensesplit	0002_transaction_description	2025-03-05 10:33:43.314146+00
35	expensesplit	0003_remove_transaction_description	2025-03-05 10:33:43.327255+00
36	goals	0001_initial	2025-03-05 10:33:43.378611+00
37	loans	0001_initial	2025-03-05 10:33:43.41194+00
38	loans	0002_loan_category	2025-03-05 10:33:43.41932+00
39	sessions	0001_initial	2025-03-05 10:33:43.437663+00
40	socialaccount	0001_initial	2025-03-05 10:33:43.520916+00
41	socialaccount	0002_token_max_lengths	2025-03-05 10:33:43.54927+00
42	socialaccount	0003_extra_data_default_dict	2025-03-05 10:33:43.561371+00
43	socialaccount	0004_app_provider_id_settings	2025-03-05 10:33:43.580996+00
44	socialaccount	0005_socialtoken_nullable_app	2025-03-05 10:33:43.599755+00
45	socialaccount	0006_alter_socialaccount_extra_data	2025-03-05 10:33:43.62572+00
46	transactions	0001_initial	2025-03-05 10:33:43.65379+00
47	transactions	0002_alter_transaction_date	2025-03-05 10:33:43.666543+00
48	transactions	0003_alter_transaction_user	2025-03-05 10:33:43.681734+00
\.


--
-- Data for Name: django_session; Type: TABLE DATA; Schema: public; Owner: sanju
--

COPY public.django_session (session_key, session_data, expire_date) FROM stdin;
nd6r790uwr9eo1b7kh1otovw4bbfhohd	.eJxVjEEOwiAQRe_C2pACA1NcuvcMZBhAqoYmpV0Z765NutDtf-_9lwi0rTVsPS9hSuIslDj9bpH4kdsO0p3abZY8t3WZotwVedAur3PKz8vh_h1U6vVbc8lWkwcgAtAKSx7NANYiF-eZNZKKZbTRc-HBuaQhOpcNMhhCg0a8P-vTN9o:1tpmg0:3RePBclRrDvth4aMObuRMX7fPWoD9l6B-opMptQ1R9I	2025-03-19 11:12:36.453235+00
rwqxnzwdbewkhnev88ge4r8lghlqygzf	.eJxVjEEOwiAQRe_C2pACA1NcuvcMZBhAqoYmpV0Z765NutDtf-_9lwi0rTVsPS9hSuIslDj9bpH4kdsO0p3abZY8t3WZotwVedAur3PKz8vh_h1U6vVbc8lWkwcgAtAKSx7NANYiF-eZNZKKZbTRc-HBuaQhOpcNMhhCg0a8P-vTN9o:1tpnIz:OjwMSqGp1WezaAi3DFDsdawWmx7w_ihDrH0fQDZPZhg	2025-03-19 11:52:53.677373+00
7mivuwxup7h2hubdflit5ig7weo66ubo	.eJxVjEEOwiAQRe_C2pACA1NcuvcMZBhAqoYmpV0Z765NutDtf-_9lwi0rTVsPS9hSuIslDj9bpH4kdsO0p3abZY8t3WZotwVedAur3PKz8vh_h1U6vVbc8lWkwcgAtAKSx7NANYiF-eZNZKKZbTRc-HBuaQhOpcNMhhCg0a8P-vTN9o:1tpnNA:kIJPMXcmFXMU84-iKkCIZWy4sRCYEhbAPhFR15Nspds	2025-03-19 11:57:12.104651+00
\.


--
-- Data for Name: dues_due; Type: TABLE DATA; Schema: public; Owner: sanju
--

COPY public.dues_due (id, title, due_date, amount, to_whom, recurring, created_at, user_id, next_reminder_date) FROM stdin;
\.


--
-- Data for Name: expensesplit_group; Type: TABLE DATA; Schema: public; Owner: sanju
--

COPY public.expensesplit_group (id, name, completed) FROM stdin;
\.


--
-- Data for Name: expensesplit_group_members; Type: TABLE DATA; Schema: public; Owner: sanju
--

COPY public.expensesplit_group_members (id, group_id, user_id) FROM stdin;
\.


--
-- Data for Name: expensesplit_transaction; Type: TABLE DATA; Schema: public; Owner: sanju
--

COPY public.expensesplit_transaction (id, amount, created_at, group_id, payer_id) FROM stdin;
\.


--
-- Data for Name: expensesplit_transaction_participants; Type: TABLE DATA; Schema: public; Owner: sanju
--

COPY public.expensesplit_transaction_participants (id, transaction_id, user_id) FROM stdin;
\.


--
-- Data for Name: goals_goal; Type: TABLE DATA; Schema: public; Owner: sanju
--

COPY public.goals_goal (id, title, current_amount, target_amount, target_date, completed, created_at, user_id) FROM stdin;
\.


--
-- Data for Name: loans_loan; Type: TABLE DATA; Schema: public; Owner: sanju
--

COPY public.loans_loan (id, name, interest_rate, max_loan_amount, min_credit_score, tenure, description, category) FROM stdin;
\.


--
-- Data for Name: loans_loanapplication; Type: TABLE DATA; Schema: public; Owner: sanju
--

COPY public.loans_loanapplication (id, amount, status, applied_at, loan_id, user_id) FROM stdin;
\.


--
-- Data for Name: socialaccount_socialaccount; Type: TABLE DATA; Schema: public; Owner: sanju
--

COPY public.socialaccount_socialaccount (id, provider, uid, last_login, date_joined, extra_data, user_id) FROM stdin;
\.


--
-- Data for Name: socialaccount_socialapp; Type: TABLE DATA; Schema: public; Owner: sanju
--

COPY public.socialaccount_socialapp (id, provider, name, client_id, secret, key, provider_id, settings) FROM stdin;
\.


--
-- Data for Name: socialaccount_socialtoken; Type: TABLE DATA; Schema: public; Owner: sanju
--

COPY public.socialaccount_socialtoken (id, token, token_secret, expires_at, account_id, app_id) FROM stdin;
\.


--
-- Data for Name: transactions_transaction; Type: TABLE DATA; Schema: public; Owner: sanju
--

COPY public.transactions_transaction (id, type, amount, category, description, date, currency, user_id) FROM stdin;
\.


--
-- Name: account_emailaddress_id_seq; Type: SEQUENCE SET; Schema: public; Owner: sanju
--

SELECT pg_catalog.setval('public.account_emailaddress_id_seq', 1, false);


--
-- Name: account_emailconfirmation_id_seq; Type: SEQUENCE SET; Schema: public; Owner: sanju
--

SELECT pg_catalog.setval('public.account_emailconfirmation_id_seq', 1, false);


--
-- Name: auth_group_id_seq; Type: SEQUENCE SET; Schema: public; Owner: sanju
--

SELECT pg_catalog.setval('public.auth_group_id_seq', 1, false);


--
-- Name: auth_group_permissions_id_seq; Type: SEQUENCE SET; Schema: public; Owner: sanju
--

SELECT pg_catalog.setval('public.auth_group_permissions_id_seq', 1, false);


--
-- Name: auth_permission_id_seq; Type: SEQUENCE SET; Schema: public; Owner: sanju
--

SELECT pg_catalog.setval('public.auth_permission_id_seq', 80, true);


--
-- Name: auth_user_groups_id_seq; Type: SEQUENCE SET; Schema: public; Owner: sanju
--

SELECT pg_catalog.setval('public.auth_user_groups_id_seq', 1, false);


--
-- Name: auth_user_id_seq; Type: SEQUENCE SET; Schema: public; Owner: sanju
--

SELECT pg_catalog.setval('public.auth_user_id_seq', 2, true);


--
-- Name: auth_user_user_permissions_id_seq; Type: SEQUENCE SET; Schema: public; Owner: sanju
--

SELECT pg_catalog.setval('public.auth_user_user_permissions_id_seq', 1, false);


--
-- Name: django_admin_log_id_seq; Type: SEQUENCE SET; Schema: public; Owner: sanju
--

SELECT pg_catalog.setval('public.django_admin_log_id_seq', 1, false);


--
-- Name: django_content_type_id_seq; Type: SEQUENCE SET; Schema: public; Owner: sanju
--

SELECT pg_catalog.setval('public.django_content_type_id_seq', 20, true);


--
-- Name: django_migrations_id_seq; Type: SEQUENCE SET; Schema: public; Owner: sanju
--

SELECT pg_catalog.setval('public.django_migrations_id_seq', 48, true);


--
-- Name: dues_due_id_seq; Type: SEQUENCE SET; Schema: public; Owner: sanju
--

SELECT pg_catalog.setval('public.dues_due_id_seq', 1, false);


--
-- Name: expensesplit_group_id_seq; Type: SEQUENCE SET; Schema: public; Owner: sanju
--

SELECT pg_catalog.setval('public.expensesplit_group_id_seq', 1, false);


--
-- Name: expensesplit_group_members_id_seq; Type: SEQUENCE SET; Schema: public; Owner: sanju
--

SELECT pg_catalog.setval('public.expensesplit_group_members_id_seq', 1, false);


--
-- Name: expensesplit_transaction_id_seq; Type: SEQUENCE SET; Schema: public; Owner: sanju
--

SELECT pg_catalog.setval('public.expensesplit_transaction_id_seq', 1, false);


--
-- Name: expensesplit_transaction_participants_id_seq; Type: SEQUENCE SET; Schema: public; Owner: sanju
--

SELECT pg_catalog.setval('public.expensesplit_transaction_participants_id_seq', 1, false);


--
-- Name: goals_goal_id_seq; Type: SEQUENCE SET; Schema: public; Owner: sanju
--

SELECT pg_catalog.setval('public.goals_goal_id_seq', 1, false);


--
-- Name: loans_loan_id_seq; Type: SEQUENCE SET; Schema: public; Owner: sanju
--

SELECT pg_catalog.setval('public.loans_loan_id_seq', 1, false);


--
-- Name: loans_loanapplication_id_seq; Type: SEQUENCE SET; Schema: public; Owner: sanju
--

SELECT pg_catalog.setval('public.loans_loanapplication_id_seq', 1, false);


--
-- Name: socialaccount_socialaccount_id_seq; Type: SEQUENCE SET; Schema: public; Owner: sanju
--

SELECT pg_catalog.setval('public.socialaccount_socialaccount_id_seq', 1, false);


--
-- Name: socialaccount_socialapp_id_seq; Type: SEQUENCE SET; Schema: public; Owner: sanju
--

SELECT pg_catalog.setval('public.socialaccount_socialapp_id_seq', 1, false);


--
-- Name: socialaccount_socialtoken_id_seq; Type: SEQUENCE SET; Schema: public; Owner: sanju
--

SELECT pg_catalog.setval('public.socialaccount_socialtoken_id_seq', 1, false);


--
-- Name: transactions_transaction_id_seq; Type: SEQUENCE SET; Schema: public; Owner: sanju
--

SELECT pg_catalog.setval('public.transactions_transaction_id_seq', 1, false);


--
-- Name: account_emailaddress account_emailaddress_pkey; Type: CONSTRAINT; Schema: public; Owner: sanju
--

ALTER TABLE ONLY public.account_emailaddress
    ADD CONSTRAINT account_emailaddress_pkey PRIMARY KEY (id);


--
-- Name: account_emailaddress account_emailaddress_user_id_email_987c8728_uniq; Type: CONSTRAINT; Schema: public; Owner: sanju
--

ALTER TABLE ONLY public.account_emailaddress
    ADD CONSTRAINT account_emailaddress_user_id_email_987c8728_uniq UNIQUE (user_id, email);


--
-- Name: account_emailconfirmation account_emailconfirmation_key_key; Type: CONSTRAINT; Schema: public; Owner: sanju
--

ALTER TABLE ONLY public.account_emailconfirmation
    ADD CONSTRAINT account_emailconfirmation_key_key UNIQUE (key);


--
-- Name: account_emailconfirmation account_emailconfirmation_pkey; Type: CONSTRAINT; Schema: public; Owner: sanju
--

ALTER TABLE ONLY public.account_emailconfirmation
    ADD CONSTRAINT account_emailconfirmation_pkey PRIMARY KEY (id);


--
-- Name: auth_group auth_group_name_key; Type: CONSTRAINT; Schema: public; Owner: sanju
--

ALTER TABLE ONLY public.auth_group
    ADD CONSTRAINT auth_group_name_key UNIQUE (name);


--
-- Name: auth_group_permissions auth_group_permissions_group_id_permission_id_0cd325b0_uniq; Type: CONSTRAINT; Schema: public; Owner: sanju
--

ALTER TABLE ONLY public.auth_group_permissions
    ADD CONSTRAINT auth_group_permissions_group_id_permission_id_0cd325b0_uniq UNIQUE (group_id, permission_id);


--
-- Name: auth_group_permissions auth_group_permissions_pkey; Type: CONSTRAINT; Schema: public; Owner: sanju
--

ALTER TABLE ONLY public.auth_group_permissions
    ADD CONSTRAINT auth_group_permissions_pkey PRIMARY KEY (id);


--
-- Name: auth_group auth_group_pkey; Type: CONSTRAINT; Schema: public; Owner: sanju
--

ALTER TABLE ONLY public.auth_group
    ADD CONSTRAINT auth_group_pkey PRIMARY KEY (id);


--
-- Name: auth_permission auth_permission_content_type_id_codename_01ab375a_uniq; Type: CONSTRAINT; Schema: public; Owner: sanju
--

ALTER TABLE ONLY public.auth_permission
    ADD CONSTRAINT auth_permission_content_type_id_codename_01ab375a_uniq UNIQUE (content_type_id, codename);


--
-- Name: auth_permission auth_permission_pkey; Type: CONSTRAINT; Schema: public; Owner: sanju
--

ALTER TABLE ONLY public.auth_permission
    ADD CONSTRAINT auth_permission_pkey PRIMARY KEY (id);


--
-- Name: auth_user_groups auth_user_groups_pkey; Type: CONSTRAINT; Schema: public; Owner: sanju
--

ALTER TABLE ONLY public.auth_user_groups
    ADD CONSTRAINT auth_user_groups_pkey PRIMARY KEY (id);


--
-- Name: auth_user_groups auth_user_groups_user_id_group_id_94350c0c_uniq; Type: CONSTRAINT; Schema: public; Owner: sanju
--

ALTER TABLE ONLY public.auth_user_groups
    ADD CONSTRAINT auth_user_groups_user_id_group_id_94350c0c_uniq UNIQUE (user_id, group_id);


--
-- Name: auth_user auth_user_pkey; Type: CONSTRAINT; Schema: public; Owner: sanju
--

ALTER TABLE ONLY public.auth_user
    ADD CONSTRAINT auth_user_pkey PRIMARY KEY (id);


--
-- Name: auth_user_user_permissions auth_user_user_permissions_pkey; Type: CONSTRAINT; Schema: public; Owner: sanju
--

ALTER TABLE ONLY public.auth_user_user_permissions
    ADD CONSTRAINT auth_user_user_permissions_pkey PRIMARY KEY (id);


--
-- Name: auth_user_user_permissions auth_user_user_permissions_user_id_permission_id_14a6b632_uniq; Type: CONSTRAINT; Schema: public; Owner: sanju
--

ALTER TABLE ONLY public.auth_user_user_permissions
    ADD CONSTRAINT auth_user_user_permissions_user_id_permission_id_14a6b632_uniq UNIQUE (user_id, permission_id);


--
-- Name: auth_user auth_user_username_key; Type: CONSTRAINT; Schema: public; Owner: sanju
--

ALTER TABLE ONLY public.auth_user
    ADD CONSTRAINT auth_user_username_key UNIQUE (username);


--
-- Name: authtoken_token authtoken_token_pkey; Type: CONSTRAINT; Schema: public; Owner: sanju
--

ALTER TABLE ONLY public.authtoken_token
    ADD CONSTRAINT authtoken_token_pkey PRIMARY KEY (key);


--
-- Name: authtoken_token authtoken_token_user_id_key; Type: CONSTRAINT; Schema: public; Owner: sanju
--

ALTER TABLE ONLY public.authtoken_token
    ADD CONSTRAINT authtoken_token_user_id_key UNIQUE (user_id);


--
-- Name: django_admin_log django_admin_log_pkey; Type: CONSTRAINT; Schema: public; Owner: sanju
--

ALTER TABLE ONLY public.django_admin_log
    ADD CONSTRAINT django_admin_log_pkey PRIMARY KEY (id);


--
-- Name: django_content_type django_content_type_app_label_model_76bd3d3b_uniq; Type: CONSTRAINT; Schema: public; Owner: sanju
--

ALTER TABLE ONLY public.django_content_type
    ADD CONSTRAINT django_content_type_app_label_model_76bd3d3b_uniq UNIQUE (app_label, model);


--
-- Name: django_content_type django_content_type_pkey; Type: CONSTRAINT; Schema: public; Owner: sanju
--

ALTER TABLE ONLY public.django_content_type
    ADD CONSTRAINT django_content_type_pkey PRIMARY KEY (id);


--
-- Name: django_migrations django_migrations_pkey; Type: CONSTRAINT; Schema: public; Owner: sanju
--

ALTER TABLE ONLY public.django_migrations
    ADD CONSTRAINT django_migrations_pkey PRIMARY KEY (id);


--
-- Name: django_session django_session_pkey; Type: CONSTRAINT; Schema: public; Owner: sanju
--

ALTER TABLE ONLY public.django_session
    ADD CONSTRAINT django_session_pkey PRIMARY KEY (session_key);


--
-- Name: dues_due dues_due_pkey; Type: CONSTRAINT; Schema: public; Owner: sanju
--

ALTER TABLE ONLY public.dues_due
    ADD CONSTRAINT dues_due_pkey PRIMARY KEY (id);


--
-- Name: expensesplit_group_members expensesplit_group_members_group_id_user_id_0561eda1_uniq; Type: CONSTRAINT; Schema: public; Owner: sanju
--

ALTER TABLE ONLY public.expensesplit_group_members
    ADD CONSTRAINT expensesplit_group_members_group_id_user_id_0561eda1_uniq UNIQUE (group_id, user_id);


--
-- Name: expensesplit_group_members expensesplit_group_members_pkey; Type: CONSTRAINT; Schema: public; Owner: sanju
--

ALTER TABLE ONLY public.expensesplit_group_members
    ADD CONSTRAINT expensesplit_group_members_pkey PRIMARY KEY (id);


--
-- Name: expensesplit_group expensesplit_group_pkey; Type: CONSTRAINT; Schema: public; Owner: sanju
--

ALTER TABLE ONLY public.expensesplit_group
    ADD CONSTRAINT expensesplit_group_pkey PRIMARY KEY (id);


--
-- Name: expensesplit_transaction_participants expensesplit_transaction_participants_pkey; Type: CONSTRAINT; Schema: public; Owner: sanju
--

ALTER TABLE ONLY public.expensesplit_transaction_participants
    ADD CONSTRAINT expensesplit_transaction_participants_pkey PRIMARY KEY (id);


--
-- Name: expensesplit_transaction expensesplit_transaction_pkey; Type: CONSTRAINT; Schema: public; Owner: sanju
--

ALTER TABLE ONLY public.expensesplit_transaction
    ADD CONSTRAINT expensesplit_transaction_pkey PRIMARY KEY (id);


--
-- Name: expensesplit_transaction_participants expensesplit_transaction_transaction_id_user_id_912ebc46_uniq; Type: CONSTRAINT; Schema: public; Owner: sanju
--

ALTER TABLE ONLY public.expensesplit_transaction_participants
    ADD CONSTRAINT expensesplit_transaction_transaction_id_user_id_912ebc46_uniq UNIQUE (transaction_id, user_id);


--
-- Name: goals_goal goals_goal_pkey; Type: CONSTRAINT; Schema: public; Owner: sanju
--

ALTER TABLE ONLY public.goals_goal
    ADD CONSTRAINT goals_goal_pkey PRIMARY KEY (id);


--
-- Name: loans_loan loans_loan_pkey; Type: CONSTRAINT; Schema: public; Owner: sanju
--

ALTER TABLE ONLY public.loans_loan
    ADD CONSTRAINT loans_loan_pkey PRIMARY KEY (id);


--
-- Name: loans_loanapplication loans_loanapplication_pkey; Type: CONSTRAINT; Schema: public; Owner: sanju
--

ALTER TABLE ONLY public.loans_loanapplication
    ADD CONSTRAINT loans_loanapplication_pkey PRIMARY KEY (id);


--
-- Name: socialaccount_socialaccount socialaccount_socialaccount_pkey; Type: CONSTRAINT; Schema: public; Owner: sanju
--

ALTER TABLE ONLY public.socialaccount_socialaccount
    ADD CONSTRAINT socialaccount_socialaccount_pkey PRIMARY KEY (id);


--
-- Name: socialaccount_socialaccount socialaccount_socialaccount_provider_uid_fc810c6e_uniq; Type: CONSTRAINT; Schema: public; Owner: sanju
--

ALTER TABLE ONLY public.socialaccount_socialaccount
    ADD CONSTRAINT socialaccount_socialaccount_provider_uid_fc810c6e_uniq UNIQUE (provider, uid);


--
-- Name: socialaccount_socialapp socialaccount_socialapp_pkey; Type: CONSTRAINT; Schema: public; Owner: sanju
--

ALTER TABLE ONLY public.socialaccount_socialapp
    ADD CONSTRAINT socialaccount_socialapp_pkey PRIMARY KEY (id);


--
-- Name: socialaccount_socialtoken socialaccount_socialtoken_app_id_account_id_fca4e0ac_uniq; Type: CONSTRAINT; Schema: public; Owner: sanju
--

ALTER TABLE ONLY public.socialaccount_socialtoken
    ADD CONSTRAINT socialaccount_socialtoken_app_id_account_id_fca4e0ac_uniq UNIQUE (app_id, account_id);


--
-- Name: socialaccount_socialtoken socialaccount_socialtoken_pkey; Type: CONSTRAINT; Schema: public; Owner: sanju
--

ALTER TABLE ONLY public.socialaccount_socialtoken
    ADD CONSTRAINT socialaccount_socialtoken_pkey PRIMARY KEY (id);


--
-- Name: transactions_transaction transactions_transaction_pkey; Type: CONSTRAINT; Schema: public; Owner: sanju
--

ALTER TABLE ONLY public.transactions_transaction
    ADD CONSTRAINT transactions_transaction_pkey PRIMARY KEY (id);


--
-- Name: account_emailaddress_email_03be32b2; Type: INDEX; Schema: public; Owner: sanju
--

CREATE INDEX account_emailaddress_email_03be32b2 ON public.account_emailaddress USING btree (email);


--
-- Name: account_emailaddress_email_03be32b2_like; Type: INDEX; Schema: public; Owner: sanju
--

CREATE INDEX account_emailaddress_email_03be32b2_like ON public.account_emailaddress USING btree (email varchar_pattern_ops);


--
-- Name: account_emailaddress_user_id_2c513194; Type: INDEX; Schema: public; Owner: sanju
--

CREATE INDEX account_emailaddress_user_id_2c513194 ON public.account_emailaddress USING btree (user_id);


--
-- Name: account_emailconfirmation_email_address_id_5b7f8c58; Type: INDEX; Schema: public; Owner: sanju
--

CREATE INDEX account_emailconfirmation_email_address_id_5b7f8c58 ON public.account_emailconfirmation USING btree (email_address_id);


--
-- Name: account_emailconfirmation_key_f43612bd_like; Type: INDEX; Schema: public; Owner: sanju
--

CREATE INDEX account_emailconfirmation_key_f43612bd_like ON public.account_emailconfirmation USING btree (key varchar_pattern_ops);


--
-- Name: auth_group_name_a6ea08ec_like; Type: INDEX; Schema: public; Owner: sanju
--

CREATE INDEX auth_group_name_a6ea08ec_like ON public.auth_group USING btree (name varchar_pattern_ops);


--
-- Name: auth_group_permissions_group_id_b120cbf9; Type: INDEX; Schema: public; Owner: sanju
--

CREATE INDEX auth_group_permissions_group_id_b120cbf9 ON public.auth_group_permissions USING btree (group_id);


--
-- Name: auth_group_permissions_permission_id_84c5c92e; Type: INDEX; Schema: public; Owner: sanju
--

CREATE INDEX auth_group_permissions_permission_id_84c5c92e ON public.auth_group_permissions USING btree (permission_id);


--
-- Name: auth_permission_content_type_id_2f476e4b; Type: INDEX; Schema: public; Owner: sanju
--

CREATE INDEX auth_permission_content_type_id_2f476e4b ON public.auth_permission USING btree (content_type_id);


--
-- Name: auth_user_groups_group_id_97559544; Type: INDEX; Schema: public; Owner: sanju
--

CREATE INDEX auth_user_groups_group_id_97559544 ON public.auth_user_groups USING btree (group_id);


--
-- Name: auth_user_groups_user_id_6a12ed8b; Type: INDEX; Schema: public; Owner: sanju
--

CREATE INDEX auth_user_groups_user_id_6a12ed8b ON public.auth_user_groups USING btree (user_id);


--
-- Name: auth_user_user_permissions_permission_id_1fbb5f2c; Type: INDEX; Schema: public; Owner: sanju
--

CREATE INDEX auth_user_user_permissions_permission_id_1fbb5f2c ON public.auth_user_user_permissions USING btree (permission_id);


--
-- Name: auth_user_user_permissions_user_id_a95ead1b; Type: INDEX; Schema: public; Owner: sanju
--

CREATE INDEX auth_user_user_permissions_user_id_a95ead1b ON public.auth_user_user_permissions USING btree (user_id);


--
-- Name: auth_user_username_6821ab7c_like; Type: INDEX; Schema: public; Owner: sanju
--

CREATE INDEX auth_user_username_6821ab7c_like ON public.auth_user USING btree (username varchar_pattern_ops);


--
-- Name: authtoken_token_key_10f0b77e_like; Type: INDEX; Schema: public; Owner: sanju
--

CREATE INDEX authtoken_token_key_10f0b77e_like ON public.authtoken_token USING btree (key varchar_pattern_ops);


--
-- Name: django_admin_log_content_type_id_c4bce8eb; Type: INDEX; Schema: public; Owner: sanju
--

CREATE INDEX django_admin_log_content_type_id_c4bce8eb ON public.django_admin_log USING btree (content_type_id);


--
-- Name: django_admin_log_user_id_c564eba6; Type: INDEX; Schema: public; Owner: sanju
--

CREATE INDEX django_admin_log_user_id_c564eba6 ON public.django_admin_log USING btree (user_id);


--
-- Name: django_session_expire_date_a5c62663; Type: INDEX; Schema: public; Owner: sanju
--

CREATE INDEX django_session_expire_date_a5c62663 ON public.django_session USING btree (expire_date);


--
-- Name: django_session_session_key_c0390e0f_like; Type: INDEX; Schema: public; Owner: sanju
--

CREATE INDEX django_session_session_key_c0390e0f_like ON public.django_session USING btree (session_key varchar_pattern_ops);


--
-- Name: dues_due_user_id_0fa57c0b; Type: INDEX; Schema: public; Owner: sanju
--

CREATE INDEX dues_due_user_id_0fa57c0b ON public.dues_due USING btree (user_id);


--
-- Name: expensesplit_group_members_group_id_d7fd629a; Type: INDEX; Schema: public; Owner: sanju
--

CREATE INDEX expensesplit_group_members_group_id_d7fd629a ON public.expensesplit_group_members USING btree (group_id);


--
-- Name: expensesplit_group_members_user_id_da4a7f6c; Type: INDEX; Schema: public; Owner: sanju
--

CREATE INDEX expensesplit_group_members_user_id_da4a7f6c ON public.expensesplit_group_members USING btree (user_id);


--
-- Name: expensesplit_transaction_group_id_5ef73a8a; Type: INDEX; Schema: public; Owner: sanju
--

CREATE INDEX expensesplit_transaction_group_id_5ef73a8a ON public.expensesplit_transaction USING btree (group_id);


--
-- Name: expensesplit_transaction_participants_transaction_id_17c5c5b7; Type: INDEX; Schema: public; Owner: sanju
--

CREATE INDEX expensesplit_transaction_participants_transaction_id_17c5c5b7 ON public.expensesplit_transaction_participants USING btree (transaction_id);


--
-- Name: expensesplit_transaction_participants_user_id_af48738d; Type: INDEX; Schema: public; Owner: sanju
--

CREATE INDEX expensesplit_transaction_participants_user_id_af48738d ON public.expensesplit_transaction_participants USING btree (user_id);


--
-- Name: expensesplit_transaction_payer_id_bc2c08ea; Type: INDEX; Schema: public; Owner: sanju
--

CREATE INDEX expensesplit_transaction_payer_id_bc2c08ea ON public.expensesplit_transaction USING btree (payer_id);


--
-- Name: goals_goal_user_id_31fcb355; Type: INDEX; Schema: public; Owner: sanju
--

CREATE INDEX goals_goal_user_id_31fcb355 ON public.goals_goal USING btree (user_id);


--
-- Name: loans_loanapplication_loan_id_770e77d0; Type: INDEX; Schema: public; Owner: sanju
--

CREATE INDEX loans_loanapplication_loan_id_770e77d0 ON public.loans_loanapplication USING btree (loan_id);


--
-- Name: loans_loanapplication_user_id_d8e1a08c; Type: INDEX; Schema: public; Owner: sanju
--

CREATE INDEX loans_loanapplication_user_id_d8e1a08c ON public.loans_loanapplication USING btree (user_id);


--
-- Name: socialaccount_socialaccount_user_id_8146e70c; Type: INDEX; Schema: public; Owner: sanju
--

CREATE INDEX socialaccount_socialaccount_user_id_8146e70c ON public.socialaccount_socialaccount USING btree (user_id);


--
-- Name: socialaccount_socialtoken_account_id_951f210e; Type: INDEX; Schema: public; Owner: sanju
--

CREATE INDEX socialaccount_socialtoken_account_id_951f210e ON public.socialaccount_socialtoken USING btree (account_id);


--
-- Name: socialaccount_socialtoken_app_id_636a42d7; Type: INDEX; Schema: public; Owner: sanju
--

CREATE INDEX socialaccount_socialtoken_app_id_636a42d7 ON public.socialaccount_socialtoken USING btree (app_id);


--
-- Name: transactions_transaction_user_id_b9ecc248; Type: INDEX; Schema: public; Owner: sanju
--

CREATE INDEX transactions_transaction_user_id_b9ecc248 ON public.transactions_transaction USING btree (user_id);


--
-- Name: unique_primary_email; Type: INDEX; Schema: public; Owner: sanju
--

CREATE UNIQUE INDEX unique_primary_email ON public.account_emailaddress USING btree (user_id, "primary") WHERE "primary";


--
-- Name: unique_verified_email; Type: INDEX; Schema: public; Owner: sanju
--

CREATE UNIQUE INDEX unique_verified_email ON public.account_emailaddress USING btree (email) WHERE verified;


--
-- Name: account_emailaddress account_emailaddress_user_id_2c513194_fk_auth_user_id; Type: FK CONSTRAINT; Schema: public; Owner: sanju
--

ALTER TABLE ONLY public.account_emailaddress
    ADD CONSTRAINT account_emailaddress_user_id_2c513194_fk_auth_user_id FOREIGN KEY (user_id) REFERENCES public.auth_user(id) DEFERRABLE INITIALLY DEFERRED;


--
-- Name: account_emailconfirmation account_emailconfirm_email_address_id_5b7f8c58_fk_account_e; Type: FK CONSTRAINT; Schema: public; Owner: sanju
--

ALTER TABLE ONLY public.account_emailconfirmation
    ADD CONSTRAINT account_emailconfirm_email_address_id_5b7f8c58_fk_account_e FOREIGN KEY (email_address_id) REFERENCES public.account_emailaddress(id) DEFERRABLE INITIALLY DEFERRED;


--
-- Name: auth_group_permissions auth_group_permissio_permission_id_84c5c92e_fk_auth_perm; Type: FK CONSTRAINT; Schema: public; Owner: sanju
--

ALTER TABLE ONLY public.auth_group_permissions
    ADD CONSTRAINT auth_group_permissio_permission_id_84c5c92e_fk_auth_perm FOREIGN KEY (permission_id) REFERENCES public.auth_permission(id) DEFERRABLE INITIALLY DEFERRED;


--
-- Name: auth_group_permissions auth_group_permissions_group_id_b120cbf9_fk_auth_group_id; Type: FK CONSTRAINT; Schema: public; Owner: sanju
--

ALTER TABLE ONLY public.auth_group_permissions
    ADD CONSTRAINT auth_group_permissions_group_id_b120cbf9_fk_auth_group_id FOREIGN KEY (group_id) REFERENCES public.auth_group(id) DEFERRABLE INITIALLY DEFERRED;


--
-- Name: auth_permission auth_permission_content_type_id_2f476e4b_fk_django_co; Type: FK CONSTRAINT; Schema: public; Owner: sanju
--

ALTER TABLE ONLY public.auth_permission
    ADD CONSTRAINT auth_permission_content_type_id_2f476e4b_fk_django_co FOREIGN KEY (content_type_id) REFERENCES public.django_content_type(id) DEFERRABLE INITIALLY DEFERRED;


--
-- Name: auth_user_groups auth_user_groups_group_id_97559544_fk_auth_group_id; Type: FK CONSTRAINT; Schema: public; Owner: sanju
--

ALTER TABLE ONLY public.auth_user_groups
    ADD CONSTRAINT auth_user_groups_group_id_97559544_fk_auth_group_id FOREIGN KEY (group_id) REFERENCES public.auth_group(id) DEFERRABLE INITIALLY DEFERRED;


--
-- Name: auth_user_groups auth_user_groups_user_id_6a12ed8b_fk_auth_user_id; Type: FK CONSTRAINT; Schema: public; Owner: sanju
--

ALTER TABLE ONLY public.auth_user_groups
    ADD CONSTRAINT auth_user_groups_user_id_6a12ed8b_fk_auth_user_id FOREIGN KEY (user_id) REFERENCES public.auth_user(id) DEFERRABLE INITIALLY DEFERRED;


--
-- Name: auth_user_user_permissions auth_user_user_permi_permission_id_1fbb5f2c_fk_auth_perm; Type: FK CONSTRAINT; Schema: public; Owner: sanju
--

ALTER TABLE ONLY public.auth_user_user_permissions
    ADD CONSTRAINT auth_user_user_permi_permission_id_1fbb5f2c_fk_auth_perm FOREIGN KEY (permission_id) REFERENCES public.auth_permission(id) DEFERRABLE INITIALLY DEFERRED;


--
-- Name: auth_user_user_permissions auth_user_user_permissions_user_id_a95ead1b_fk_auth_user_id; Type: FK CONSTRAINT; Schema: public; Owner: sanju
--

ALTER TABLE ONLY public.auth_user_user_permissions
    ADD CONSTRAINT auth_user_user_permissions_user_id_a95ead1b_fk_auth_user_id FOREIGN KEY (user_id) REFERENCES public.auth_user(id) DEFERRABLE INITIALLY DEFERRED;


--
-- Name: authtoken_token authtoken_token_user_id_35299eff_fk_auth_user_id; Type: FK CONSTRAINT; Schema: public; Owner: sanju
--

ALTER TABLE ONLY public.authtoken_token
    ADD CONSTRAINT authtoken_token_user_id_35299eff_fk_auth_user_id FOREIGN KEY (user_id) REFERENCES public.auth_user(id) DEFERRABLE INITIALLY DEFERRED;


--
-- Name: django_admin_log django_admin_log_content_type_id_c4bce8eb_fk_django_co; Type: FK CONSTRAINT; Schema: public; Owner: sanju
--

ALTER TABLE ONLY public.django_admin_log
    ADD CONSTRAINT django_admin_log_content_type_id_c4bce8eb_fk_django_co FOREIGN KEY (content_type_id) REFERENCES public.django_content_type(id) DEFERRABLE INITIALLY DEFERRED;


--
-- Name: django_admin_log django_admin_log_user_id_c564eba6_fk_auth_user_id; Type: FK CONSTRAINT; Schema: public; Owner: sanju
--

ALTER TABLE ONLY public.django_admin_log
    ADD CONSTRAINT django_admin_log_user_id_c564eba6_fk_auth_user_id FOREIGN KEY (user_id) REFERENCES public.auth_user(id) DEFERRABLE INITIALLY DEFERRED;


--
-- Name: dues_due dues_due_user_id_0fa57c0b_fk_auth_user_id; Type: FK CONSTRAINT; Schema: public; Owner: sanju
--

ALTER TABLE ONLY public.dues_due
    ADD CONSTRAINT dues_due_user_id_0fa57c0b_fk_auth_user_id FOREIGN KEY (user_id) REFERENCES public.auth_user(id) DEFERRABLE INITIALLY DEFERRED;


--
-- Name: expensesplit_group_members expensesplit_group_m_group_id_d7fd629a_fk_expensesp; Type: FK CONSTRAINT; Schema: public; Owner: sanju
--

ALTER TABLE ONLY public.expensesplit_group_members
    ADD CONSTRAINT expensesplit_group_m_group_id_d7fd629a_fk_expensesp FOREIGN KEY (group_id) REFERENCES public.expensesplit_group(id) DEFERRABLE INITIALLY DEFERRED;


--
-- Name: expensesplit_group_members expensesplit_group_members_user_id_da4a7f6c_fk_auth_user_id; Type: FK CONSTRAINT; Schema: public; Owner: sanju
--

ALTER TABLE ONLY public.expensesplit_group_members
    ADD CONSTRAINT expensesplit_group_members_user_id_da4a7f6c_fk_auth_user_id FOREIGN KEY (user_id) REFERENCES public.auth_user(id) DEFERRABLE INITIALLY DEFERRED;


--
-- Name: expensesplit_transaction expensesplit_transac_group_id_5ef73a8a_fk_expensesp; Type: FK CONSTRAINT; Schema: public; Owner: sanju
--

ALTER TABLE ONLY public.expensesplit_transaction
    ADD CONSTRAINT expensesplit_transac_group_id_5ef73a8a_fk_expensesp FOREIGN KEY (group_id) REFERENCES public.expensesplit_group(id) DEFERRABLE INITIALLY DEFERRED;


--
-- Name: expensesplit_transaction_participants expensesplit_transac_transaction_id_17c5c5b7_fk_expensesp; Type: FK CONSTRAINT; Schema: public; Owner: sanju
--

ALTER TABLE ONLY public.expensesplit_transaction_participants
    ADD CONSTRAINT expensesplit_transac_transaction_id_17c5c5b7_fk_expensesp FOREIGN KEY (transaction_id) REFERENCES public.expensesplit_transaction(id) DEFERRABLE INITIALLY DEFERRED;


--
-- Name: expensesplit_transaction_participants expensesplit_transac_user_id_af48738d_fk_auth_user; Type: FK CONSTRAINT; Schema: public; Owner: sanju
--

ALTER TABLE ONLY public.expensesplit_transaction_participants
    ADD CONSTRAINT expensesplit_transac_user_id_af48738d_fk_auth_user FOREIGN KEY (user_id) REFERENCES public.auth_user(id) DEFERRABLE INITIALLY DEFERRED;


--
-- Name: expensesplit_transaction expensesplit_transaction_payer_id_bc2c08ea_fk_auth_user_id; Type: FK CONSTRAINT; Schema: public; Owner: sanju
--

ALTER TABLE ONLY public.expensesplit_transaction
    ADD CONSTRAINT expensesplit_transaction_payer_id_bc2c08ea_fk_auth_user_id FOREIGN KEY (payer_id) REFERENCES public.auth_user(id) DEFERRABLE INITIALLY DEFERRED;


--
-- Name: goals_goal goals_goal_user_id_31fcb355_fk_auth_user_id; Type: FK CONSTRAINT; Schema: public; Owner: sanju
--

ALTER TABLE ONLY public.goals_goal
    ADD CONSTRAINT goals_goal_user_id_31fcb355_fk_auth_user_id FOREIGN KEY (user_id) REFERENCES public.auth_user(id) DEFERRABLE INITIALLY DEFERRED;


--
-- Name: loans_loanapplication loans_loanapplication_loan_id_770e77d0_fk_loans_loan_id; Type: FK CONSTRAINT; Schema: public; Owner: sanju
--

ALTER TABLE ONLY public.loans_loanapplication
    ADD CONSTRAINT loans_loanapplication_loan_id_770e77d0_fk_loans_loan_id FOREIGN KEY (loan_id) REFERENCES public.loans_loan(id) DEFERRABLE INITIALLY DEFERRED;


--
-- Name: loans_loanapplication loans_loanapplication_user_id_d8e1a08c_fk_auth_user_id; Type: FK CONSTRAINT; Schema: public; Owner: sanju
--

ALTER TABLE ONLY public.loans_loanapplication
    ADD CONSTRAINT loans_loanapplication_user_id_d8e1a08c_fk_auth_user_id FOREIGN KEY (user_id) REFERENCES public.auth_user(id) DEFERRABLE INITIALLY DEFERRED;


--
-- Name: socialaccount_socialtoken socialaccount_social_account_id_951f210e_fk_socialacc; Type: FK CONSTRAINT; Schema: public; Owner: sanju
--

ALTER TABLE ONLY public.socialaccount_socialtoken
    ADD CONSTRAINT socialaccount_social_account_id_951f210e_fk_socialacc FOREIGN KEY (account_id) REFERENCES public.socialaccount_socialaccount(id) DEFERRABLE INITIALLY DEFERRED;


--
-- Name: socialaccount_socialtoken socialaccount_social_app_id_636a42d7_fk_socialacc; Type: FK CONSTRAINT; Schema: public; Owner: sanju
--

ALTER TABLE ONLY public.socialaccount_socialtoken
    ADD CONSTRAINT socialaccount_social_app_id_636a42d7_fk_socialacc FOREIGN KEY (app_id) REFERENCES public.socialaccount_socialapp(id) DEFERRABLE INITIALLY DEFERRED;


--
-- Name: socialaccount_socialaccount socialaccount_socialaccount_user_id_8146e70c_fk_auth_user_id; Type: FK CONSTRAINT; Schema: public; Owner: sanju
--

ALTER TABLE ONLY public.socialaccount_socialaccount
    ADD CONSTRAINT socialaccount_socialaccount_user_id_8146e70c_fk_auth_user_id FOREIGN KEY (user_id) REFERENCES public.auth_user(id) DEFERRABLE INITIALLY DEFERRED;


--
-- Name: transactions_transaction transactions_transaction_user_id_b9ecc248_fk_auth_user_id; Type: FK CONSTRAINT; Schema: public; Owner: sanju
--

ALTER TABLE ONLY public.transactions_transaction
    ADD CONSTRAINT transactions_transaction_user_id_b9ecc248_fk_auth_user_id FOREIGN KEY (user_id) REFERENCES public.auth_user(id) DEFERRABLE INITIALLY DEFERRED;


--
-- PostgreSQL database dump complete
--

